{
  "cgan": {
    "csr": 0.14392025670785827,
    "per_condition": {
      "dow": 0.14398853007441798,
      "mon": 0.9990441728681642,
      "leap": 0.998839352768485,
      "dec": 0.9990441728681642
    },
    "diversity": 0.9520000000000001
  },
  "cvae": {
    "csr": 0.13832184064996245,
    "per_condition": {
      "dow": 0.13859493411620127,
      "mon": 0.9989076261350447,
      "leap": 0.9977469789035297,
      "dec": 0.9989076261350447
    },
    "diversity": 0.9584999999999999
  },
  "clstm": {
    "csr": 0.1392093944152386,
    "per_condition": {
      "dow": 0.1403700416467536,
      "mon": 0.9951525909742609,
      "leap": 0.9938553970096266,
      "dec": 0.9911927357137981
    },
    "diversity": 0.9584999999999999
  },
  "ctransformer": {
    "csr": 0.1433740697753806,
    "per_condition": {
      "dow": 0.14344234314194032,
      "mon": 0.9971325186044924,
      "leap": 0.9970642452379327,
      "dec": 0.996995971871373
    },
    "diversity": 0.953
  }
}